donem,toplam_karar,en_az_bir_ihlal,nitelik,kaynak
1959-2008,1939,1676,turetilmis (1959-2010 kumulatifinden 2009 ve 2010 yillik degerler cikarildi),AIHM Stats_violation_1959_2011_ENG + yillik tablolar
1959-2010,2573,2245,turetilmis (1959-2011 kumulatifinden 2011 yillik cikarildi),https://www.echr.coe.int/documents/d/echr/Stats_violation_1959_2011_ENG
1959-2011,2747,2404,dogrudan,https://www.echr.coe.int/documents/d/echr/Stats_violation_1959_2011_ENG
1959-2012,2870,2521,dogrudan,https://www.echr.coe.int/documents/d/echr/Stats_violation_1959_2012_ENG
1959-2015,3182,2812,dogrudan,https://www.echr.coe.int/documents/d/echr/Stats_violation_1959_2015_ENG
1959-2016,3270,2889,dogrudan,https://www.echr.coe.int/documents/d/echr/Stats_violation_1959_2016_ENG
1959-2017,3386,2988,dogrudan,https://www.echr.coe.int/documents/d/echr/Stats_violation_1959_2017_ENG
1959-2018,3532,3128,dogrudan,https://www.echr.coe.int/documents/d/echr/Stats_violation_1959_2018_ENG
1959-2019,3645,3224,dogrudan,https://www.echr.coe.int/documents/d/echr/Stats_violation_1959_2019_ENG
1959-2020,3742,3309,dogrudan,https://echr.coe.int/Documents/Stats_violation_1959_2020_ENG.pdf
1959-2021,3820,3385,dogrudan,https://www.echr.coe.int/documents/d/echr/Stats_violation_1959_2021_ENG
1959-2022,3900,3458,dogrudan,https://www.echr.coe.int/documents/d/echr/stats_violation_1959_2022_eng
1959-2025,4125,3663,turetilmis (1959-2022 + 2023/2024/2025 yillik tablolar),AIHM yillik tablolar 2023-2025
