yil,onundeki_dava_devir_dahil,karara_baglanan,ertesi_yila_devreden,devir_orani_yuzde,kaynak
1967,1944680,1120356,824324,42.4,"TÜİK, İstatistik Göstergeler 1923–2011, Tablo 6.2 (Adalet Bakanlığı verisi)"
1968,2178121,1213391,964730,44.3,"TÜİK, İstatistik Göstergeler 1923–2011, Tablo 6.2 (Adalet Bakanlığı verisi)"
1969,2344645,1289728,1054917,45.0,"TÜİK, İstatistik Göstergeler 1923–2011, Tablo 6.2 (Adalet Bakanlığı verisi)"
1970,2480418,1408950,1071468,43.2,"TÜİK, İstatistik Göstergeler 1923–2011, Tablo 6.2 (Adalet Bakanlığı verisi)"
1971,2565209,1492512,1072697,41.8,"TÜİK, İstatistik Göstergeler 1923–2011, Tablo 6.2 (Adalet Bakanlığı verisi)"
1972,2581204,1508781,1072423,41.5,"TÜİK, İstatistik Göstergeler 1923–2011, Tablo 6.2 (Adalet Bakanlığı verisi)"
1973,2500135,1343683,1156452,46.3,"TÜİK, İstatistik Göstergeler 1923–2011, Tablo 6.2 (Adalet Bakanlığı verisi)"
1974,2525507,1668345,857162,33.9,"TÜİK, İstatistik Göstergeler 1923–2011, Tablo 6.2 (Adalet Bakanlığı verisi)"
1975,2415324,1532695,882629,36.5,"TÜİK, İstatistik Göstergeler 1923–2011, Tablo 6.2 (Adalet Bakanlığı verisi)"
1976,2371422,1494064,877358,37.0,"TÜİK, İstatistik Göstergeler 1923–2011, Tablo 6.2 (Adalet Bakanlığı verisi)"
1977,2751917,1617149,1134768,41.2,"TÜİK, İstatistik Göstergeler 1923–2011, Tablo 6.2 (Adalet Bakanlığı verisi)"
1978,2813606,1657288,1156318,41.1,"TÜİK, İstatistik Göstergeler 1923–2011, Tablo 6.2 (Adalet Bakanlığı verisi)"
1979,2806786,1643951,1162835,41.4,"TÜİK, İstatistik Göstergeler 1923–2011, Tablo 6.2 (Adalet Bakanlığı verisi)"
1980,2717746,1599762,1117984,41.1,"TÜİK, İstatistik Göstergeler 1923–2011, Tablo 6.2 (Adalet Bakanlığı verisi)"
1981,2698282,1605841,1092441,40.5,"TÜİK, İstatistik Göstergeler 1923–2011, Tablo 6.2 (Adalet Bakanlığı verisi)"
1982,2945506,1691642,1253864,42.6,"TÜİK, İstatistik Göstergeler 1923–2011, Tablo 6.2 (Adalet Bakanlığı verisi)"
1983,3091584,1874083,1217501,39.4,"TÜİK, İstatistik Göstergeler 1923–2011, Tablo 6.2 (Adalet Bakanlığı verisi)"
1984,3105944,1852843,1253101,40.3,"TÜİK, İstatistik Göstergeler 1923–2011, Tablo 6.2 (Adalet Bakanlığı verisi)"
1985,3398285,1966161,1432124,42.1,"TÜİK, İstatistik Göstergeler 1923–2011, Tablo 6.2 (Adalet Bakanlığı verisi)"
1986,3804400,2321849,1482551,39.0,"TÜİK, İstatistik Göstergeler 1923–2011, Tablo 6.2 (Adalet Bakanlığı verisi)"
1987,3845588,2383914,1461674,38.0,"TÜİK, İstatistik Göstergeler 1923–2011, Tablo 6.2 (Adalet Bakanlığı verisi)"
1988,3742373,2523880,1218493,32.6,"TÜİK, İstatistik Göstergeler 1923–2011, Tablo 6.2 (Adalet Bakanlığı verisi)"
1989,3281071,2025836,1255235,38.3,"TÜİK, İstatistik Göstergeler 1923–2011, Tablo 6.2 (Adalet Bakanlığı verisi)"
1990,3356393,2098206,1258187,37.5,"TÜİK, İstatistik Göstergeler 1923–2011, Tablo 6.2 (Adalet Bakanlığı verisi)"
1991,3470223,2215406,1254817,36.2,"TÜİK, İstatistik Göstergeler 1923–2011, Tablo 6.2 (Adalet Bakanlığı verisi)"
1992,3456469,2258158,1198311,34.7,"TÜİK, İstatistik Göstergeler 1923–2011, Tablo 6.2 (Adalet Bakanlığı verisi)"
1993,3518229,2267341,1250888,35.6,"TÜİK, İstatistik Göstergeler 1923–2011, Tablo 6.2 (Adalet Bakanlığı verisi)"
1994,3825309,2491977,1333332,34.9,"TÜİK, İstatistik Göstergeler 1923–2011, Tablo 6.2 (Adalet Bakanlığı verisi)"
1995,3799466,2510684,1288782,33.9,"TÜİK, İstatistik Göstergeler 1923–2011, Tablo 6.2 (Adalet Bakanlığı verisi)"
1996,3715400,2410199,1305201,35.1,"TÜİK, İstatistik Göstergeler 1923–2011, Tablo 6.2 (Adalet Bakanlığı verisi)"
1997,3725541,2395096,1330445,35.7,"TÜİK, İstatistik Göstergeler 1923–2011, Tablo 6.2 (Adalet Bakanlığı verisi)"
1998,4101541,2595214,1506327,36.7,"TÜİK, İstatistik Göstergeler 1923–2011, Tablo 6.2 (Adalet Bakanlığı verisi)"
1999,4523665,2817556,1706109,37.7,"TÜİK, İstatistik Göstergeler 1923–2011, Tablo 6.2 (Adalet Bakanlığı verisi)"
2000,4787047,2976371,1810676,37.8,"TÜİK, İstatistik Göstergeler 1923–2011, Tablo 6.2 (Adalet Bakanlığı verisi)"
2001,5553378,3589102,1964276,35.4,"TÜİK, İstatistik Göstergeler 1923–2011, Tablo 6.2 (Adalet Bakanlığı verisi)"
2002,5388547,3443720,1944827,36.1,"TÜİK, İstatistik Göstergeler 1923–2011, Tablo 6.2 (Adalet Bakanlığı verisi)"
2003,5147072,3309347,1837725,35.7,"TÜİK, İstatistik Göstergeler 1923–2011, Tablo 6.2 (Adalet Bakanlığı verisi)"
2004,5340388,3446984,1893404,35.5,"TÜİK, İstatistik Göstergeler 1923–2011, Tablo 6.2 (Adalet Bakanlığı verisi)"
2005,5243991,3291539,1952452,37.2,"TÜİK, İstatistik Göstergeler 1923–2011, Tablo 6.2 (Adalet Bakanlığı verisi)"
2006,5455920,3341669,2114251,38.8,"TÜİK, İstatistik Göstergeler 1923–2011, Tablo 6.2 (Adalet Bakanlığı verisi)"
2007,5934915,3538959,2395956,40.4,"TÜİK, İstatistik Göstergeler 1923–2011, Tablo 6.2 (Adalet Bakanlığı verisi)"
2008,6064308,3754604,2309704,38.1,"TÜİK, İstatistik Göstergeler 1923–2011, Tablo 6.2 (Adalet Bakanlığı verisi)"
2009,6211965,3796985,2414980,38.9,"TÜİK, İstatistik Göstergeler 1923–2011, Tablo 6.2 (Adalet Bakanlığı verisi)"
2010,6619412,3882946,2736466,41.3,"TÜİK, İstatistik Göstergeler 1923–2011, Tablo 6.2 (Adalet Bakanlığı verisi)"
