olcu,donem_ya_da_yil,turkiye,set_ortancasi,oecd_ortancasi,sorun_yonunde
Yükseköğrenimli göç oranı (%),1980–2002,5.32,12,9.7,0
Yükseköğrenimli göç oranı (%),2002–2026,6.45,7.93,9.78,0
Yükseköğrenimli göç oranı (%),1980,9.88,13,10.8,
Yükseköğrenimli göç oranı (%),1985,4.19,11.5,10.7,
Yükseköğrenimli göç oranı (%),1990,3.49,11.8,8.68,
Yükseköğrenimli göç oranı (%),1995,4.79,10.1,8.23,
Yükseköğrenimli göç oranı (%),2000,4.27,9.58,8.78,
Yükseköğrenimli göç oranı (%),2005,6.18,8.51,9.39,
Yükseköğrenimli göç oranı (%),2010,6.73,7.51,9.62,
Seçicilik (yükseköğrenimli / toplam göç oranı),1980–2002,0.843,1.43,2.17,0
Seçicilik (yükseköğrenimli / toplam göç oranı),2002–2026,1.3,1.09,1.87,0
Seçicilik (yükseköğrenimli / toplam göç oranı),1980,1.22,1.68,2.34,
Seçicilik (yükseköğrenimli / toplam göç oranı),1985,0.763,1.65,2.31,
Seçicilik (yükseköğrenimli / toplam göç oranı),1990,0.638,1.6,2.4,
Seçicilik (yükseköğrenimli / toplam göç oranı),1995,0.811,1.33,2.1,
Seçicilik (yükseköğrenimli / toplam göç oranı),2000,0.784,1.24,1.99,
Seçicilik (yükseköğrenimli / toplam göç oranı),2005,1.22,1.01,1.87,
Seçicilik (yükseköğrenimli / toplam göç oranı),2010,1.38,1.18,1.86,
