gosterge,wdi_kodu,ulke,yil,deger
dogurganlik,SP.DYN.TFRT.IN,OECD_MED,1960,2.85
dogurganlik,SP.DYN.TFRT.IN,OECD_MED,1961,2.8049999999999997
dogurganlik,SP.DYN.TFRT.IN,OECD_MED,1962,2.8
dogurganlik,SP.DYN.TFRT.IN,OECD_MED,1963,2.88
dogurganlik,SP.DYN.TFRT.IN,OECD_MED,1964,2.87
dogurganlik,SP.DYN.TFRT.IN,OECD_MED,1965,2.78
dogurganlik,SP.DYN.TFRT.IN,OECD_MED,1966,2.66
dogurganlik,SP.DYN.TFRT.IN,OECD_MED,1967,2.528
dogurganlik,SP.DYN.TFRT.IN,OECD_MED,1968,2.46
dogurganlik,SP.DYN.TFRT.IN,OECD_MED,1969,2.456
dogurganlik,SP.DYN.TFRT.IN,OECD_MED,1970,2.4
dogurganlik,SP.DYN.TFRT.IN,OECD_MED,1971,2.36
dogurganlik,SP.DYN.TFRT.IN,OECD_MED,1972,2.24
dogurganlik,SP.DYN.TFRT.IN,OECD_MED,1973,2.23
dogurganlik,SP.DYN.TFRT.IN,OECD_MED,1974,2.21
dogurganlik,SP.DYN.TFRT.IN,OECD_MED,1975,2.17
dogurganlik,SP.DYN.TFRT.IN,OECD_MED,1976,2.07
dogurganlik,SP.DYN.TFRT.IN,OECD_MED,1977,2.06
dogurganlik,SP.DYN.TFRT.IN,OECD_MED,1978,2.02
dogurganlik,SP.DYN.TFRT.IN,OECD_MED,1979,2.0
dogurganlik,SP.DYN.TFRT.IN,OECD_MED,1980,1.91
dogurganlik,SP.DYN.TFRT.IN,OECD_MED,1981,1.935
dogurganlik,SP.DYN.TFRT.IN,OECD_MED,1982,1.93
dogurganlik,SP.DYN.TFRT.IN,OECD_MED,1983,1.86
dogurganlik,SP.DYN.TFRT.IN,OECD_MED,1984,1.81
dogurganlik,SP.DYN.TFRT.IN,OECD_MED,1985,1.79
dogurganlik,SP.DYN.TFRT.IN,OECD_MED,1986,1.8
dogurganlik,SP.DYN.TFRT.IN,OECD_MED,1987,1.82
dogurganlik,SP.DYN.TFRT.IN,OECD_MED,1988,1.82
dogurganlik,SP.DYN.TFRT.IN,OECD_MED,1989,1.82
dogurganlik,SP.DYN.TFRT.IN,OECD_MED,1990,1.87
dogurganlik,SP.DYN.TFRT.IN,OECD_MED,1991,1.82
dogurganlik,SP.DYN.TFRT.IN,OECD_MED,1992,1.76
dogurganlik,SP.DYN.TFRT.IN,OECD_MED,1993,1.73
dogurganlik,SP.DYN.TFRT.IN,OECD_MED,1994,1.69
dogurganlik,SP.DYN.TFRT.IN,OECD_MED,1995,1.634
dogurganlik,SP.DYN.TFRT.IN,OECD_MED,1996,1.59
dogurganlik,SP.DYN.TFRT.IN,OECD_MED,1997,1.56
dogurganlik,SP.DYN.TFRT.IN,OECD_MED,1998,1.56
dogurganlik,SP.DYN.TFRT.IN,OECD_MED,1999,1.55
dogurganlik,SP.DYN.TFRT.IN,OECD_MED,2000,1.55
dogurganlik,SP.DYN.TFRT.IN,OECD_MED,2001,1.57
dogurganlik,SP.DYN.TFRT.IN,OECD_MED,2002,1.63
dogurganlik,SP.DYN.TFRT.IN,OECD_MED,2003,1.62
dogurganlik,SP.DYN.TFRT.IN,OECD_MED,2004,1.66
dogurganlik,SP.DYN.TFRT.IN,OECD_MED,2005,1.63
dogurganlik,SP.DYN.TFRT.IN,OECD_MED,2006,1.65
dogurganlik,SP.DYN.TFRT.IN,OECD_MED,2007,1.69
dogurganlik,SP.DYN.TFRT.IN,OECD_MED,2008,1.72
dogurganlik,SP.DYN.TFRT.IN,OECD_MED,2009,1.7
dogurganlik,SP.DYN.TFRT.IN,OECD_MED,2010,1.72
dogurganlik,SP.DYN.TFRT.IN,OECD_MED,2011,1.63
dogurganlik,SP.DYN.TFRT.IN,OECD_MED,2012,1.63
dogurganlik,SP.DYN.TFRT.IN,OECD_MED,2013,1.61
dogurganlik,SP.DYN.TFRT.IN,OECD_MED,2014,1.65
dogurganlik,SP.DYN.TFRT.IN,OECD_MED,2015,1.65
dogurganlik,SP.DYN.TFRT.IN,OECD_MED,2016,1.63
dogurganlik,SP.DYN.TFRT.IN,OECD_MED,2017,1.62
dogurganlik,SP.DYN.TFRT.IN,OECD_MED,2018,1.59
dogurganlik,SP.DYN.TFRT.IN,OECD_MED,2019,1.58
dogurganlik,SP.DYN.TFRT.IN,OECD_MED,2020,1.55
dogurganlik,SP.DYN.TFRT.IN,OECD_MED,2021,1.583
dogurganlik,SP.DYN.TFRT.IN,OECD_MED,2022,1.47
dogurganlik,SP.DYN.TFRT.IN,OECD_MED,2023,1.43
dogurganlik,SP.DYN.TFRT.IN,OECD_MED,2024,1.41
dogurganlik,SP.DYN.TFRT.IN,TUR,1960,6.383
dogurganlik,SP.DYN.TFRT.IN,TUR,1961,6.419
dogurganlik,SP.DYN.TFRT.IN,TUR,1962,6.382
dogurganlik,SP.DYN.TFRT.IN,TUR,1963,6.339
dogurganlik,SP.DYN.TFRT.IN,TUR,1964,6.291
dogurganlik,SP.DYN.TFRT.IN,TUR,1965,6.22
dogurganlik,SP.DYN.TFRT.IN,TUR,1966,6.152
dogurganlik,SP.DYN.TFRT.IN,TUR,1967,6.057
dogurganlik,SP.DYN.TFRT.IN,TUR,1968,5.962
dogurganlik,SP.DYN.TFRT.IN,TUR,1969,5.872
dogurganlik,SP.DYN.TFRT.IN,TUR,1970,5.775
dogurganlik,SP.DYN.TFRT.IN,TUR,1971,5.671
dogurganlik,SP.DYN.TFRT.IN,TUR,1972,5.548
dogurganlik,SP.DYN.TFRT.IN,TUR,1973,5.41
dogurganlik,SP.DYN.TFRT.IN,TUR,1974,5.243
dogurganlik,SP.DYN.TFRT.IN,TUR,1975,5.087
dogurganlik,SP.DYN.TFRT.IN,TUR,1976,4.931
dogurganlik,SP.DYN.TFRT.IN,TUR,1977,4.784
dogurganlik,SP.DYN.TFRT.IN,TUR,1978,4.691
dogurganlik,SP.DYN.TFRT.IN,TUR,1979,4.579
dogurganlik,SP.DYN.TFRT.IN,TUR,1980,4.453
dogurganlik,SP.DYN.TFRT.IN,TUR,1981,4.351
dogurganlik,SP.DYN.TFRT.IN,TUR,1982,4.205
dogurganlik,SP.DYN.TFRT.IN,TUR,1983,4.056
dogurganlik,SP.DYN.TFRT.IN,TUR,1984,3.911
dogurganlik,SP.DYN.TFRT.IN,TUR,1985,3.779
dogurganlik,SP.DYN.TFRT.IN,TUR,1986,3.658
dogurganlik,SP.DYN.TFRT.IN,TUR,1987,3.542
dogurganlik,SP.DYN.TFRT.IN,TUR,1988,3.445
dogurganlik,SP.DYN.TFRT.IN,TUR,1989,3.336
dogurganlik,SP.DYN.TFRT.IN,TUR,1990,3.107
dogurganlik,SP.DYN.TFRT.IN,TUR,1991,3.003
dogurganlik,SP.DYN.TFRT.IN,TUR,1992,2.939
dogurganlik,SP.DYN.TFRT.IN,TUR,1993,2.916
dogurganlik,SP.DYN.TFRT.IN,TUR,1994,2.874
dogurganlik,SP.DYN.TFRT.IN,TUR,1995,2.835
dogurganlik,SP.DYN.TFRT.IN,TUR,1996,2.779
dogurganlik,SP.DYN.TFRT.IN,TUR,1997,2.744
dogurganlik,SP.DYN.TFRT.IN,TUR,1998,2.707
dogurganlik,SP.DYN.TFRT.IN,TUR,1999,2.63
dogurganlik,SP.DYN.TFRT.IN,TUR,2000,2.487
dogurganlik,SP.DYN.TFRT.IN,TUR,2001,2.392
dogurganlik,SP.DYN.TFRT.IN,TUR,2002,2.268
dogurganlik,SP.DYN.TFRT.IN,TUR,2003,2.202
dogurganlik,SP.DYN.TFRT.IN,TUR,2004,2.197
dogurganlik,SP.DYN.TFRT.IN,TUR,2005,2.197
dogurganlik,SP.DYN.TFRT.IN,TUR,2006,2.193
dogurganlik,SP.DYN.TFRT.IN,TUR,2007,2.16
dogurganlik,SP.DYN.TFRT.IN,TUR,2008,2.15
dogurganlik,SP.DYN.TFRT.IN,TUR,2009,2.1
dogurganlik,SP.DYN.TFRT.IN,TUR,2010,2.08
dogurganlik,SP.DYN.TFRT.IN,TUR,2011,2.05
dogurganlik,SP.DYN.TFRT.IN,TUR,2012,2.11
dogurganlik,SP.DYN.TFRT.IN,TUR,2013,2.11
dogurganlik,SP.DYN.TFRT.IN,TUR,2014,2.19
dogurganlik,SP.DYN.TFRT.IN,TUR,2015,2.16
dogurganlik,SP.DYN.TFRT.IN,TUR,2016,2.11
dogurganlik,SP.DYN.TFRT.IN,TUR,2017,2.08
dogurganlik,SP.DYN.TFRT.IN,TUR,2018,2.0
dogurganlik,SP.DYN.TFRT.IN,TUR,2019,1.89
dogurganlik,SP.DYN.TFRT.IN,TUR,2020,1.77
dogurganlik,SP.DYN.TFRT.IN,TUR,2021,1.71
dogurganlik,SP.DYN.TFRT.IN,TUR,2022,1.63
dogurganlik,SP.DYN.TFRT.IN,TUR,2023,1.51
dogurganlik,SP.DYN.TFRT.IN,TUR,2024,1.48
arge_gsyh,GB.XPD.RSDV.GD.ZS,OECD_MED,1996,1.5824349999999998
arge_gsyh,GB.XPD.RSDV.GD.ZS,OECD_MED,1997,1.53729
arge_gsyh,GB.XPD.RSDV.GD.ZS,OECD_MED,1998,1.51351
arge_gsyh,GB.XPD.RSDV.GD.ZS,OECD_MED,1999,1.47363
arge_gsyh,GB.XPD.RSDV.GD.ZS,OECD_MED,2000,1.57756
arge_gsyh,GB.XPD.RSDV.GD.ZS,OECD_MED,2001,1.5212949999999998
arge_gsyh,GB.XPD.RSDV.GD.ZS,OECD_MED,2002,1.620135
arge_gsyh,GB.XPD.RSDV.GD.ZS,OECD_MED,2003,1.4204400000000001
arge_gsyh,GB.XPD.RSDV.GD.ZS,OECD_MED,2004,1.535325
arge_gsyh,GB.XPD.RSDV.GD.ZS,OECD_MED,2005,1.47715
arge_gsyh,GB.XPD.RSDV.GD.ZS,OECD_MED,2006,1.56097
arge_gsyh,GB.XPD.RSDV.GD.ZS,OECD_MED,2007,1.43261
arge_gsyh,GB.XPD.RSDV.GD.ZS,OECD_MED,2008,1.57782
arge_gsyh,GB.XPD.RSDV.GD.ZS,OECD_MED,2009,1.61371
arge_gsyh,GB.XPD.RSDV.GD.ZS,OECD_MED,2010,1.61656
arge_gsyh,GB.XPD.RSDV.GD.ZS,OECD_MED,2011,1.6319750000000002
arge_gsyh,GB.XPD.RSDV.GD.ZS,OECD_MED,2012,1.683765
arge_gsyh,GB.XPD.RSDV.GD.ZS,OECD_MED,2013,1.667265
arge_gsyh,GB.XPD.RSDV.GD.ZS,OECD_MED,2014,1.709255
arge_gsyh,GB.XPD.RSDV.GD.ZS,OECD_MED,2015,1.906
arge_gsyh,GB.XPD.RSDV.GD.ZS,OECD_MED,2016,1.69157
arge_gsyh,GB.XPD.RSDV.GD.ZS,OECD_MED,2017,1.74513
arge_gsyh,GB.XPD.RSDV.GD.ZS,OECD_MED,2018,1.80686
arge_gsyh,GB.XPD.RSDV.GD.ZS,OECD_MED,2019,1.8618649999999999
arge_gsyh,GB.XPD.RSDV.GD.ZS,OECD_MED,2020,1.93975
arge_gsyh,GB.XPD.RSDV.GD.ZS,OECD_MED,2021,1.87914
arge_gsyh,GB.XPD.RSDV.GD.ZS,OECD_MED,2022,1.81291
arge_gsyh,GB.XPD.RSDV.GD.ZS,OECD_MED,2023,1.8451
arge_gsyh,GB.XPD.RSDV.GD.ZS,TUR,1996,0.45159
arge_gsyh,GB.XPD.RSDV.GD.ZS,TUR,1997,0.49168
arge_gsyh,GB.XPD.RSDV.GD.ZS,TUR,1998,0.36198
arge_gsyh,GB.XPD.RSDV.GD.ZS,TUR,1999,0.45557
arge_gsyh,GB.XPD.RSDV.GD.ZS,TUR,2000,0.46558
arge_gsyh,GB.XPD.RSDV.GD.ZS,TUR,2001,0.52247
arge_gsyh,GB.XPD.RSDV.GD.ZS,TUR,2002,0.50904
arge_gsyh,GB.XPD.RSDV.GD.ZS,TUR,2003,0.46532
arge_gsyh,GB.XPD.RSDV.GD.ZS,TUR,2004,0.49713
arge_gsyh,GB.XPD.RSDV.GD.ZS,TUR,2005,0.56381
arge_gsyh,GB.XPD.RSDV.GD.ZS,TUR,2006,0.55292
arge_gsyh,GB.XPD.RSDV.GD.ZS,TUR,2007,0.68616
arge_gsyh,GB.XPD.RSDV.GD.ZS,TUR,2008,0.68741
arge_gsyh,GB.XPD.RSDV.GD.ZS,TUR,2009,0.80363
arge_gsyh,GB.XPD.RSDV.GD.ZS,TUR,2010,0.79369
arge_gsyh,GB.XPD.RSDV.GD.ZS,TUR,2011,0.79393
arge_gsyh,GB.XPD.RSDV.GD.ZS,TUR,2012,0.82595
arge_gsyh,GB.XPD.RSDV.GD.ZS,TUR,2013,0.81206
arge_gsyh,GB.XPD.RSDV.GD.ZS,TUR,2014,0.8564
arge_gsyh,GB.XPD.RSDV.GD.ZS,TUR,2015,0.96732
arge_gsyh,GB.XPD.RSDV.GD.ZS,TUR,2016,1.11979
arge_gsyh,GB.XPD.RSDV.GD.ZS,TUR,2017,1.17632
arge_gsyh,GB.XPD.RSDV.GD.ZS,TUR,2018,1.27093
arge_gsyh,GB.XPD.RSDV.GD.ZS,TUR,2019,1.3196
arge_gsyh,GB.XPD.RSDV.GD.ZS,TUR,2020,1.36748
arge_gsyh,GB.XPD.RSDV.GD.ZS,TUR,2021,1.40209
arge_gsyh,GB.XPD.RSDV.GD.ZS,TUR,2022,1.32342
arge_gsyh,GB.XPD.RSDV.GD.ZS,TUR,2023,1.42224
net_enerji_ithalati,EG.IMP.CONS.ZS,OECD_MED,1990,51.709074542507
net_enerji_ithalati,EG.IMP.CONS.ZS,OECD_MED,1991,52.95171351402975
net_enerji_ithalati,EG.IMP.CONS.ZS,OECD_MED,1992,54.275188196020096
net_enerji_ithalati,EG.IMP.CONS.ZS,OECD_MED,1993,53.76611651732315
net_enerji_ithalati,EG.IMP.CONS.ZS,OECD_MED,1994,57.360194680824904
net_enerji_ithalati,EG.IMP.CONS.ZS,OECD_MED,1995,55.907383154333246
net_enerji_ithalati,EG.IMP.CONS.ZS,OECD_MED,1996,55.66411620734555
net_enerji_ithalati,EG.IMP.CONS.ZS,OECD_MED,1997,56.3527253785233
net_enerji_ithalati,EG.IMP.CONS.ZS,OECD_MED,1998,54.785210140920896
net_enerji_ithalati,EG.IMP.CONS.ZS,OECD_MED,1999,54.86032080966295
net_enerji_ithalati,EG.IMP.CONS.ZS,OECD_MED,2000,56.9055733569551
net_enerji_ithalati,EG.IMP.CONS.ZS,OECD_MED,2001,55.296510922639996
net_enerji_ithalati,EG.IMP.CONS.ZS,OECD_MED,2002,55.52973201393655
net_enerji_ithalati,EG.IMP.CONS.ZS,OECD_MED,2003,58.886115517751804
net_enerji_ithalati,EG.IMP.CONS.ZS,OECD_MED,2004,54.147018494672196
net_enerji_ithalati,EG.IMP.CONS.ZS,OECD_MED,2005,56.4797985827221
net_enerji_ithalati,EG.IMP.CONS.ZS,OECD_MED,2006,57.6593052802543
net_enerji_ithalati,EG.IMP.CONS.ZS,OECD_MED,2007,55.73383541581305
net_enerji_ithalati,EG.IMP.CONS.ZS,OECD_MED,2008,57.5839119343525
net_enerji_ithalati,EG.IMP.CONS.ZS,OECD_MED,2009,52.4461795511117
net_enerji_ithalati,EG.IMP.CONS.ZS,OECD_MED,2010,51.807281977581596
net_enerji_ithalati,EG.IMP.CONS.ZS,OECD_MED,2011,54.44203781777375
net_enerji_ithalati,EG.IMP.CONS.ZS,OECD_MED,2012,50.902001146823
net_enerji_ithalati,EG.IMP.CONS.ZS,OECD_MED,2013,50.82488972967646
net_enerji_ithalati,EG.IMP.CONS.ZS,OECD_MED,2014,51.25559218903885
net_enerji_ithalati,EG.IMP.CONS.ZS,OECD_MED,2015,54.684907030413044
net_enerji_ithalati,EG.IMP.CONS.ZS,OECD_MED,2016,55.645813759500356
net_enerji_ithalati,EG.IMP.CONS.ZS,OECD_MED,2017,60.550860577544995
net_enerji_ithalati,EG.IMP.CONS.ZS,OECD_MED,2018,56.20149839410035
net_enerji_ithalati,EG.IMP.CONS.ZS,OECD_MED,2019,56.68351528764285
net_enerji_ithalati,EG.IMP.CONS.ZS,OECD_MED,2020,48.4685506377509
net_enerji_ithalati,EG.IMP.CONS.ZS,OECD_MED,2021,50.3283529138724
net_enerji_ithalati,EG.IMP.CONS.ZS,OECD_MED,2022,53.3136586496569
net_enerji_ithalati,EG.IMP.CONS.ZS,OECD_MED,2023,50.320504071524596
net_enerji_ithalati,EG.IMP.CONS.ZS,TUR,1990,54.0052424700438
net_enerji_ithalati,EG.IMP.CONS.ZS,TUR,1991,48.2292355352387
net_enerji_ithalati,EG.IMP.CONS.ZS,TUR,1992,50.8209591000614
net_enerji_ithalati,EG.IMP.CONS.ZS,TUR,1993,55.7314590016072
net_enerji_ithalati,EG.IMP.CONS.ZS,TUR,1994,56.176441813404
net_enerji_ithalati,EG.IMP.CONS.ZS,TUR,1995,59.6789685074913
net_enerji_ithalati,EG.IMP.CONS.ZS,TUR,1996,60.941078073726
net_enerji_ithalati,EG.IMP.CONS.ZS,TUR,1997,60.6504056689215
net_enerji_ithalati,EG.IMP.CONS.ZS,TUR,1998,60.6476962338191
net_enerji_ithalati,EG.IMP.CONS.ZS,TUR,1999,61.4495154493949
net_enerji_ithalati,EG.IMP.CONS.ZS,TUR,2000,66.4118980253342
net_enerji_ithalati,EG.IMP.CONS.ZS,TUR,2001,65.3827730782475
net_enerji_ithalati,EG.IMP.CONS.ZS,TUR,2002,68.8098367142749
net_enerji_ithalati,EG.IMP.CONS.ZS,TUR,2003,71.8014634682364
net_enerji_ithalati,EG.IMP.CONS.ZS,TUR,2004,71.9972658232343
net_enerji_ithalati,EG.IMP.CONS.ZS,TUR,2005,73.6048165950947
net_enerji_ithalati,EG.IMP.CONS.ZS,TUR,2006,74.1979484170948
net_enerji_ithalati,EG.IMP.CONS.ZS,TUR,2007,75.5977950715525
net_enerji_ithalati,EG.IMP.CONS.ZS,TUR,2008,73.6741545438837
net_enerji_ithalati,EG.IMP.CONS.ZS,TUR,2009,71.5993831278916
net_enerji_ithalati,EG.IMP.CONS.ZS,TUR,2010,71.8113675930831
net_enerji_ithalati,EG.IMP.CONS.ZS,TUR,2011,72.3455243356568
net_enerji_ithalati,EG.IMP.CONS.ZS,TUR,2012,76.5045153451191
net_enerji_ithalati,EG.IMP.CONS.ZS,TUR,2013,76.7082026488658
net_enerji_ithalati,EG.IMP.CONS.ZS,TUR,2014,78.733472872237
net_enerji_ithalati,EG.IMP.CONS.ZS,TUR,2015,80.4443196769827
net_enerji_ithalati,EG.IMP.CONS.ZS,TUR,2016,77.2878181142887
net_enerji_ithalati,EG.IMP.CONS.ZS,TUR,2017,79.1725104847079
net_enerji_ithalati,EG.IMP.CONS.ZS,TUR,2018,75.8316479912546
net_enerji_ithalati,EG.IMP.CONS.ZS,TUR,2019,72.1973632944636
net_enerji_ithalati,EG.IMP.CONS.ZS,TUR,2020,71.3330026792086
net_enerji_ithalati,EG.IMP.CONS.ZS,TUR,2021,72.1247121502374
net_enerji_ithalati,EG.IMP.CONS.ZS,TUR,2022,72.704129716299
net_enerji_ithalati,EG.IMP.CONS.ZS,TUR,2023,71.9928600541247
cari_denge_gsyh,BN.CAB.XOKA.GD.ZS,OECD_MED,1977,-1.85502527118762
cari_denge_gsyh,BN.CAB.XOKA.GD.ZS,OECD_MED,1978,-0.57946441029442
cari_denge_gsyh,BN.CAB.XOKA.GD.ZS,OECD_MED,1979,-0.6227790095068291
cari_denge_gsyh,BN.CAB.XOKA.GD.ZS,OECD_MED,1980,-2.307293901964675
cari_denge_gsyh,BN.CAB.XOKA.GD.ZS,OECD_MED,1981,-2.848622896888175
cari_denge_gsyh,BN.CAB.XOKA.GD.ZS,OECD_MED,1982,-2.32222961238958
cari_denge_gsyh,BN.CAB.XOKA.GD.ZS,OECD_MED,1983,-1.21688325768745
cari_denge_gsyh,BN.CAB.XOKA.GD.ZS,OECD_MED,1984,-0.385070715653335
cari_denge_gsyh,BN.CAB.XOKA.GD.ZS,OECD_MED,1985,-0.901971773297405
cari_denge_gsyh,BN.CAB.XOKA.GD.ZS,OECD_MED,1986,0.0215380537869739
cari_denge_gsyh,BN.CAB.XOKA.GD.ZS,OECD_MED,1987,-1.68950941079794
cari_denge_gsyh,BN.CAB.XOKA.GD.ZS,OECD_MED,1988,-1.27392583418636
cari_denge_gsyh,BN.CAB.XOKA.GD.ZS,OECD_MED,1989,-1.581178606518075
cari_denge_gsyh,BN.CAB.XOKA.GD.ZS,OECD_MED,1990,-1.32399955459737
cari_denge_gsyh,BN.CAB.XOKA.GD.ZS,OECD_MED,1991,-1.5911650925537901
cari_denge_gsyh,BN.CAB.XOKA.GD.ZS,OECD_MED,1992,-1.86723149235441
cari_denge_gsyh,BN.CAB.XOKA.GD.ZS,OECD_MED,1993,-1.1711367596913949
cari_denge_gsyh,BN.CAB.XOKA.GD.ZS,OECD_MED,1994,-0.9397162813206059
cari_denge_gsyh,BN.CAB.XOKA.GD.ZS,OECD_MED,1995,-0.3826072088476285
cari_denge_gsyh,BN.CAB.XOKA.GD.ZS,OECD_MED,1996,-2.02968632371393
cari_denge_gsyh,BN.CAB.XOKA.GD.ZS,OECD_MED,1997,-1.83493782106041
cari_denge_gsyh,BN.CAB.XOKA.GD.ZS,OECD_MED,1998,-1.81096769719243
cari_denge_gsyh,BN.CAB.XOKA.GD.ZS,OECD_MED,1999,-2.21778204046026
cari_denge_gsyh,BN.CAB.XOKA.GD.ZS,OECD_MED,2000,-2.446037977649345
cari_denge_gsyh,BN.CAB.XOKA.GD.ZS,OECD_MED,2001,-1.6482508227616
cari_denge_gsyh,BN.CAB.XOKA.GD.ZS,OECD_MED,2002,-1.3162316381602
cari_denge_gsyh,BN.CAB.XOKA.GD.ZS,OECD_MED,2003,-0.766212290849885
cari_denge_gsyh,BN.CAB.XOKA.GD.ZS,OECD_MED,2004,-0.66148309595793
cari_denge_gsyh,BN.CAB.XOKA.GD.ZS,OECD_MED,2005,-1.33773107053946
cari_denge_gsyh,BN.CAB.XOKA.GD.ZS,OECD_MED,2006,-1.77091456240672
cari_denge_gsyh,BN.CAB.XOKA.GD.ZS,OECD_MED,2007,-2.9819266093631
cari_denge_gsyh,BN.CAB.XOKA.GD.ZS,OECD_MED,2008,-2.68669173430211
cari_denge_gsyh,BN.CAB.XOKA.GD.ZS,OECD_MED,2009,-0.818480147786109
cari_denge_gsyh,BN.CAB.XOKA.GD.ZS,OECD_MED,2010,-0.188218208390541
cari_denge_gsyh,BN.CAB.XOKA.GD.ZS,OECD_MED,2011,-1.6237867474026
cari_denge_gsyh,BN.CAB.XOKA.GD.ZS,OECD_MED,2012,-1.40984864759126
cari_denge_gsyh,BN.CAB.XOKA.GD.ZS,OECD_MED,2013,1.03825599780866
cari_denge_gsyh,BN.CAB.XOKA.GD.ZS,OECD_MED,2014,0.747477578049872
cari_denge_gsyh,BN.CAB.XOKA.GD.ZS,OECD_MED,2015,1.23326652485505
cari_denge_gsyh,BN.CAB.XOKA.GD.ZS,OECD_MED,2016,1.42555528145605
cari_denge_gsyh,BN.CAB.XOKA.GD.ZS,OECD_MED,2017,1.53282603585065
cari_denge_gsyh,BN.CAB.XOKA.GD.ZS,OECD_MED,2018,0.451859774047593
cari_denge_gsyh,BN.CAB.XOKA.GD.ZS,OECD_MED,2019,0.587362764575748
cari_denge_gsyh,BN.CAB.XOKA.GD.ZS,OECD_MED,2020,1.10176093732255
cari_denge_gsyh,BN.CAB.XOKA.GD.ZS,OECD_MED,2021,0.326640931588568
cari_denge_gsyh,BN.CAB.XOKA.GD.ZS,OECD_MED,2022,-1.82031814963394
cari_denge_gsyh,BN.CAB.XOKA.GD.ZS,OECD_MED,2023,0.182447803689908
cari_denge_gsyh,BN.CAB.XOKA.GD.ZS,OECD_MED,2024,1.09768567168063
cari_denge_gsyh,BN.CAB.XOKA.GD.ZS,OECD_MED,2025,0.23799052558884298
cari_denge_gsyh,BN.CAB.XOKA.GD.ZS,TUR,1974,-1.58410649455426
cari_denge_gsyh,BN.CAB.XOKA.GD.ZS,TUR,1975,-3.57927396835247
cari_denge_gsyh,BN.CAB.XOKA.GD.ZS,TUR,1976,-3.94363459669582
cari_denge_gsyh,BN.CAB.XOKA.GD.ZS,TUR,1977,-5.35075262709458
cari_denge_gsyh,BN.CAB.XOKA.GD.ZS,TUR,1978,-1.91921107528921
cari_denge_gsyh,BN.CAB.XOKA.GD.ZS,TUR,1979,-1.57672509988841
cari_denge_gsyh,BN.CAB.XOKA.GD.ZS,TUR,1980,-4.95178373417964
cari_denge_gsyh,BN.CAB.XOKA.GD.ZS,TUR,1981,-2.71985824579167
cari_denge_gsyh,BN.CAB.XOKA.GD.ZS,TUR,1982,-1.47896532662359
cari_denge_gsyh,BN.CAB.XOKA.GD.ZS,TUR,1983,-3.11147147233528
cari_denge_gsyh,BN.CAB.XOKA.GD.ZS,TUR,1984,-2.40083010942351
cari_denge_gsyh,BN.CAB.XOKA.GD.ZS,TUR,1985,-1.50670598794717
cari_denge_gsyh,BN.CAB.XOKA.GD.ZS,TUR,1986,-1.93596035967603
cari_denge_gsyh,BN.CAB.XOKA.GD.ZS,TUR,1987,-0.9244170718357
cari_denge_gsyh,BN.CAB.XOKA.GD.ZS,TUR,1988,1.75625519928497
cari_denge_gsyh,BN.CAB.XOKA.GD.ZS,TUR,1989,0.875594691099352
cari_denge_gsyh,BN.CAB.XOKA.GD.ZS,TUR,1990,-1.74238577195045
cari_denge_gsyh,BN.CAB.XOKA.GD.ZS,TUR,1991,0.165524841501632
cari_denge_gsyh,BN.CAB.XOKA.GD.ZS,TUR,1992,-0.612175223712419
cari_denge_gsyh,BN.CAB.XOKA.GD.ZS,TUR,1993,-3.56565306523328
cari_denge_gsyh,BN.CAB.XOKA.GD.ZS,TUR,1994,2.01377036999334
cari_denge_gsyh,BN.CAB.XOKA.GD.ZS,TUR,1995,-0.99616690058046
cari_denge_gsyh,BN.CAB.XOKA.GD.ZS,TUR,1996,-0.973371226633304
cari_denge_gsyh,BN.CAB.XOKA.GD.ZS,TUR,1997,-0.999933462545818
cari_denge_gsyh,BN.CAB.XOKA.GD.ZS,TUR,1998,0.724544822196581
cari_denge_gsyh,BN.CAB.XOKA.GD.ZS,TUR,1999,-0.360379399136068
cari_denge_gsyh,BN.CAB.XOKA.GD.ZS,TUR,2000,-3.61057524589502
cari_denge_gsyh,BN.CAB.XOKA.GD.ZS,TUR,2001,1.85959025093731
cari_denge_gsyh,BN.CAB.XOKA.GD.ZS,TUR,2002,-0.259990521546323
cari_denge_gsyh,BN.CAB.XOKA.GD.ZS,TUR,2003,-2.39510781690365
cari_denge_gsyh,BN.CAB.XOKA.GD.ZS,TUR,2004,-3.46160310805252
cari_denge_gsyh,BN.CAB.XOKA.GD.ZS,TUR,2005,-4.12736838327371
cari_denge_gsyh,BN.CAB.XOKA.GD.ZS,TUR,2006,-5.5679426761279
cari_denge_gsyh,BN.CAB.XOKA.GD.ZS,TUR,2007,-5.39177822047968
cari_denge_gsyh,BN.CAB.XOKA.GD.ZS,TUR,2008,-5.0844969449165
cari_denge_gsyh,BN.CAB.XOKA.GD.ZS,TUR,2009,-1.73697758122388
cari_denge_gsyh,BN.CAB.XOKA.GD.ZS,TUR,2010,-5.70254261669491
cari_denge_gsyh,BN.CAB.XOKA.GD.ZS,TUR,2011,-8.81351105932507
cari_denge_gsyh,BN.CAB.XOKA.GD.ZS,TUR,2012,-4.72096418758118
cari_denge_gsyh,BN.CAB.XOKA.GD.ZS,TUR,2013,-5.12686124176872
cari_denge_gsyh,BN.CAB.XOKA.GD.ZS,TUR,2014,-3.40746259930754
cari_denge_gsyh,BN.CAB.XOKA.GD.ZS,TUR,2015,-2.46735825450658
cari_denge_gsyh,BN.CAB.XOKA.GD.ZS,TUR,2016,-2.54530792537505
cari_denge_gsyh,BN.CAB.XOKA.GD.ZS,TUR,2017,-4.06783613710293
cari_denge_gsyh,BN.CAB.XOKA.GD.ZS,TUR,2018,-1.85233343060557
cari_denge_gsyh,BN.CAB.XOKA.GD.ZS,TUR,2019,1.9351600379275
cari_denge_gsyh,BN.CAB.XOKA.GD.ZS,TUR,2020,-4.22284721473811
cari_denge_gsyh,BN.CAB.XOKA.GD.ZS,TUR,2021,-0.74064931592423
cari_denge_gsyh,BN.CAB.XOKA.GD.ZS,TUR,2022,-4.99763806227356
cari_denge_gsyh,BN.CAB.XOKA.GD.ZS,TUR,2023,-3.63367003503212
cari_denge_gsyh,BN.CAB.XOKA.GD.ZS,TUR,2024,-0.766008235540632
bebek_olum_binde,SP.DYN.IMRT.IN,OECD_MED,1960,30.4
bebek_olum_binde,SP.DYN.IMRT.IN,OECD_MED,1961,28.3
bebek_olum_binde,SP.DYN.IMRT.IN,OECD_MED,1962,27.1
bebek_olum_binde,SP.DYN.IMRT.IN,OECD_MED,1963,26.0
bebek_olum_binde,SP.DYN.IMRT.IN,OECD_MED,1964,25.0
bebek_olum_binde,SP.DYN.IMRT.IN,OECD_MED,1965,24.1
bebek_olum_binde,SP.DYN.IMRT.IN,OECD_MED,1966,23.3
bebek_olum_binde,SP.DYN.IMRT.IN,OECD_MED,1967,22.1
bebek_olum_binde,SP.DYN.IMRT.IN,OECD_MED,1968,21.25
bebek_olum_binde,SP.DYN.IMRT.IN,OECD_MED,1969,20.4
bebek_olum_binde,SP.DYN.IMRT.IN,OECD_MED,1970,19.5
bebek_olum_binde,SP.DYN.IMRT.IN,OECD_MED,1971,18.85
bebek_olum_binde,SP.DYN.IMRT.IN,OECD_MED,1972,18.3
bebek_olum_binde,SP.DYN.IMRT.IN,OECD_MED,1973,17.55
bebek_olum_binde,SP.DYN.IMRT.IN,OECD_MED,1974,17.299999999999997
bebek_olum_binde,SP.DYN.IMRT.IN,OECD_MED,1975,17.1
bebek_olum_binde,SP.DYN.IMRT.IN,OECD_MED,1976,16.8
bebek_olum_binde,SP.DYN.IMRT.IN,OECD_MED,1977,15.7
bebek_olum_binde,SP.DYN.IMRT.IN,OECD_MED,1978,14.5
bebek_olum_binde,SP.DYN.IMRT.IN,OECD_MED,1979,13.5
bebek_olum_binde,SP.DYN.IMRT.IN,OECD_MED,1980,12.7
bebek_olum_binde,SP.DYN.IMRT.IN,OECD_MED,1981,12.5
bebek_olum_binde,SP.DYN.IMRT.IN,OECD_MED,1982,12.2
bebek_olum_binde,SP.DYN.IMRT.IN,OECD_MED,1983,11.9
bebek_olum_binde,SP.DYN.IMRT.IN,OECD_MED,1984,11.2
bebek_olum_binde,SP.DYN.IMRT.IN,OECD_MED,1985,10.6
bebek_olum_binde,SP.DYN.IMRT.IN,OECD_MED,1986,10.0
bebek_olum_binde,SP.DYN.IMRT.IN,OECD_MED,1987,9.5
bebek_olum_binde,SP.DYN.IMRT.IN,OECD_MED,1988,9.0
bebek_olum_binde,SP.DYN.IMRT.IN,OECD_MED,1989,8.7
bebek_olum_binde,SP.DYN.IMRT.IN,OECD_MED,1990,8.4
bebek_olum_binde,SP.DYN.IMRT.IN,OECD_MED,1991,8.1
bebek_olum_binde,SP.DYN.IMRT.IN,OECD_MED,1992,7.7
bebek_olum_binde,SP.DYN.IMRT.IN,OECD_MED,1993,7.3
bebek_olum_binde,SP.DYN.IMRT.IN,OECD_MED,1994,6.8
bebek_olum_binde,SP.DYN.IMRT.IN,OECD_MED,1995,6.4
bebek_olum_binde,SP.DYN.IMRT.IN,OECD_MED,1996,6.0
bebek_olum_binde,SP.DYN.IMRT.IN,OECD_MED,1997,5.7
bebek_olum_binde,SP.DYN.IMRT.IN,OECD_MED,1998,5.4
bebek_olum_binde,SP.DYN.IMRT.IN,OECD_MED,1999,5.3
bebek_olum_binde,SP.DYN.IMRT.IN,OECD_MED,2000,5.3
bebek_olum_binde,SP.DYN.IMRT.IN,OECD_MED,2001,5.1
bebek_olum_binde,SP.DYN.IMRT.IN,OECD_MED,2002,4.9
bebek_olum_binde,SP.DYN.IMRT.IN,OECD_MED,2003,4.8
bebek_olum_binde,SP.DYN.IMRT.IN,OECD_MED,2004,4.6
bebek_olum_binde,SP.DYN.IMRT.IN,OECD_MED,2005,4.3
bebek_olum_binde,SP.DYN.IMRT.IN,OECD_MED,2006,4.1
bebek_olum_binde,SP.DYN.IMRT.IN,OECD_MED,2007,3.9
bebek_olum_binde,SP.DYN.IMRT.IN,OECD_MED,2008,3.8
bebek_olum_binde,SP.DYN.IMRT.IN,OECD_MED,2009,3.8
bebek_olum_binde,SP.DYN.IMRT.IN,OECD_MED,2010,3.6
bebek_olum_binde,SP.DYN.IMRT.IN,OECD_MED,2011,3.5
bebek_olum_binde,SP.DYN.IMRT.IN,OECD_MED,2012,3.4
bebek_olum_binde,SP.DYN.IMRT.IN,OECD_MED,2013,3.5
bebek_olum_binde,SP.DYN.IMRT.IN,OECD_MED,2014,3.4
bebek_olum_binde,SP.DYN.IMRT.IN,OECD_MED,2015,3.3
bebek_olum_binde,SP.DYN.IMRT.IN,OECD_MED,2016,3.3
bebek_olum_binde,SP.DYN.IMRT.IN,OECD_MED,2017,3.3
bebek_olum_binde,SP.DYN.IMRT.IN,OECD_MED,2018,3.3
bebek_olum_binde,SP.DYN.IMRT.IN,OECD_MED,2019,3.3
bebek_olum_binde,SP.DYN.IMRT.IN,OECD_MED,2020,3.1
bebek_olum_binde,SP.DYN.IMRT.IN,OECD_MED,2021,3.2
bebek_olum_binde,SP.DYN.IMRT.IN,OECD_MED,2022,3.2
bebek_olum_binde,SP.DYN.IMRT.IN,OECD_MED,2023,3.1
bebek_olum_binde,SP.DYN.IMRT.IN,OECD_MED,2024,3.1
bebek_olum_binde,SP.DYN.IMRT.IN,TUR,1960,178.3
bebek_olum_binde,SP.DYN.IMRT.IN,TUR,1961,174.3
bebek_olum_binde,SP.DYN.IMRT.IN,TUR,1962,170.0
bebek_olum_binde,SP.DYN.IMRT.IN,TUR,1963,165.5
bebek_olum_binde,SP.DYN.IMRT.IN,TUR,1964,161.2
bebek_olum_binde,SP.DYN.IMRT.IN,TUR,1965,157.0
bebek_olum_binde,SP.DYN.IMRT.IN,TUR,1966,153.3
bebek_olum_binde,SP.DYN.IMRT.IN,TUR,1967,150.0
bebek_olum_binde,SP.DYN.IMRT.IN,TUR,1968,147.0
bebek_olum_binde,SP.DYN.IMRT.IN,TUR,1969,144.0
bebek_olum_binde,SP.DYN.IMRT.IN,TUR,1970,141.0
bebek_olum_binde,SP.DYN.IMRT.IN,TUR,1971,138.1
bebek_olum_binde,SP.DYN.IMRT.IN,TUR,1972,134.9
bebek_olum_binde,SP.DYN.IMRT.IN,TUR,1973,131.5
bebek_olum_binde,SP.DYN.IMRT.IN,TUR,1974,128.0
bebek_olum_binde,SP.DYN.IMRT.IN,TUR,1975,124.2
bebek_olum_binde,SP.DYN.IMRT.IN,TUR,1976,120.2
bebek_olum_binde,SP.DYN.IMRT.IN,TUR,1977,116.1
bebek_olum_binde,SP.DYN.IMRT.IN,TUR,1978,111.9
bebek_olum_binde,SP.DYN.IMRT.IN,TUR,1979,107.6
bebek_olum_binde,SP.DYN.IMRT.IN,TUR,1980,103.1
bebek_olum_binde,SP.DYN.IMRT.IN,TUR,1981,98.5
bebek_olum_binde,SP.DYN.IMRT.IN,TUR,1982,93.9
bebek_olum_binde,SP.DYN.IMRT.IN,TUR,1983,89.3
bebek_olum_binde,SP.DYN.IMRT.IN,TUR,1984,84.8
bebek_olum_binde,SP.DYN.IMRT.IN,TUR,1985,80.4
bebek_olum_binde,SP.DYN.IMRT.IN,TUR,1986,76.2
bebek_olum_binde,SP.DYN.IMRT.IN,TUR,1987,72.2
bebek_olum_binde,SP.DYN.IMRT.IN,TUR,1988,68.3
bebek_olum_binde,SP.DYN.IMRT.IN,TUR,1989,64.6
bebek_olum_binde,SP.DYN.IMRT.IN,TUR,1990,60.9
bebek_olum_binde,SP.DYN.IMRT.IN,TUR,1991,57.3
bebek_olum_binde,SP.DYN.IMRT.IN,TUR,1992,53.8
bebek_olum_binde,SP.DYN.IMRT.IN,TUR,1993,50.4
bebek_olum_binde,SP.DYN.IMRT.IN,TUR,1994,47.2
bebek_olum_binde,SP.DYN.IMRT.IN,TUR,1995,44.1
bebek_olum_binde,SP.DYN.IMRT.IN,TUR,1996,41.2
bebek_olum_binde,SP.DYN.IMRT.IN,TUR,1997,38.3
bebek_olum_binde,SP.DYN.IMRT.IN,TUR,1998,35.6
bebek_olum_binde,SP.DYN.IMRT.IN,TUR,1999,33.1
bebek_olum_binde,SP.DYN.IMRT.IN,TUR,2000,30.7
bebek_olum_binde,SP.DYN.IMRT.IN,TUR,2001,28.5
bebek_olum_binde,SP.DYN.IMRT.IN,TUR,2002,26.4
bebek_olum_binde,SP.DYN.IMRT.IN,TUR,2003,24.4
bebek_olum_binde,SP.DYN.IMRT.IN,TUR,2004,22.5
bebek_olum_binde,SP.DYN.IMRT.IN,TUR,2005,20.9
bebek_olum_binde,SP.DYN.IMRT.IN,TUR,2006,19.3
bebek_olum_binde,SP.DYN.IMRT.IN,TUR,2007,17.9
bebek_olum_binde,SP.DYN.IMRT.IN,TUR,2008,16.7
bebek_olum_binde,SP.DYN.IMRT.IN,TUR,2009,15.5
bebek_olum_binde,SP.DYN.IMRT.IN,TUR,2010,14.5
bebek_olum_binde,SP.DYN.IMRT.IN,TUR,2011,13.6
bebek_olum_binde,SP.DYN.IMRT.IN,TUR,2012,12.8
bebek_olum_binde,SP.DYN.IMRT.IN,TUR,2013,12.1
bebek_olum_binde,SP.DYN.IMRT.IN,TUR,2014,11.5
bebek_olum_binde,SP.DYN.IMRT.IN,TUR,2015,11.0
bebek_olum_binde,SP.DYN.IMRT.IN,TUR,2016,10.5
bebek_olum_binde,SP.DYN.IMRT.IN,TUR,2017,10.1
bebek_olum_binde,SP.DYN.IMRT.IN,TUR,2018,9.7
bebek_olum_binde,SP.DYN.IMRT.IN,TUR,2019,9.4
bebek_olum_binde,SP.DYN.IMRT.IN,TUR,2020,9.1
bebek_olum_binde,SP.DYN.IMRT.IN,TUR,2021,8.8
bebek_olum_binde,SP.DYN.IMRT.IN,TUR,2022,8.5
bebek_olum_binde,SP.DYN.IMRT.IN,TUR,2023,9.8
bebek_olum_binde,SP.DYN.IMRT.IN,TUR,2024,8.0
