sorun,degisken,ad,donem,turkiye,set_ortancasi,oecd_ortancasi,sorun_yonunde
S06,v2x_rule,Hukukun üstünlüğü endeksi,1923–1950,0.57,0.52,0.86,1
S06,v2x_rule,Hukukun üstünlüğü endeksi,1950–1980,0.61,0.61,0.96,1
S06,v2x_rule,Hukukun üstünlüğü endeksi,1980–2002,0.62,0.82,0.96,1
S06,v2x_rule,Hukukun üstünlüğü endeksi,2002–2025,0.41,0.89,0.97,1
S06,v2juhcind,Yüksek mahkeme bağımsızlığı,1923–1950,1.43,-0.95,0.90,0
S06,v2juhcind,Yüksek mahkeme bağımsızlığı,1950–1980,1.10,-0.78,1.46,1
S06,v2juhcind,Yüksek mahkeme bağımsızlığı,1980–2002,1.35,1.41,1.89,1
S06,v2juhcind,Yüksek mahkeme bağımsızlığı,2002–2025,1.02,1.17,1.97,1
S08,v2ellocpwr,Yerel seçilmiş organların gücü,1923–1950,0.19,-0.28,1.04,1
S08,v2ellocpwr,Yerel seçilmiş organların gücü,1950–1980,0.99,0.18,1.61,1
S08,v2ellocpwr,Yerel seçilmiş organların gücü,1980–2002,1.53,1.36,1.84,1
S08,v2ellocpwr,Yerel seçilmiş organların gücü,2002–2025,1.26,2.17,2.12,1
S09,v2stcritrecadm,Kamuya atamada liyakat,1923–1950,0.93,0.36,0.77,0
S09,v2stcritrecadm,Kamuya atamada liyakat,1950–1980,1.53,0.53,1.35,0
S09,v2stcritrecadm,Kamuya atamada liyakat,1980–2002,1.87,0.74,1.52,0
S09,v2stcritrecadm,Kamuya atamada liyakat,2002–2025,0.22,0.92,1.74,1
S09,v2clrspct,Tarafsız ve kurallı kamu yönetimi,1923–1950,-0.25,0.11,0.94,1
S09,v2clrspct,Tarafsız ve kurallı kamu yönetimi,1950–1980,-0.40,0.55,1.93,1
S09,v2clrspct,Tarafsız ve kurallı kamu yönetimi,1980–2002,-0.63,1.52,2.33,1
S09,v2clrspct,Tarafsız ve kurallı kamu yönetimi,2002–2025,-0.57,1.60,2.34,1
S09,v2x_corr,Siyasi yolsuzluk endeksi,1923–1950,0.28,0.41,0.13,1
S09,v2x_corr,Siyasi yolsuzluk endeksi,1950–1980,0.41,0.39,0.06,1
S09,v2x_corr,Siyasi yolsuzluk endeksi,1980–2002,0.45,0.27,0.10,1
S09,v2x_corr,Siyasi yolsuzluk endeksi,2002–2025,0.71,0.16,0.06,1
S12,v2x_freexp_altinf,İfade özgürlüğü ve alternatif bilgi kaynakları,1923–1950,0.13,0.28,0.67,1
S12,v2x_freexp_altinf,İfade özgürlüğü ve alternatif bilgi kaynakları,1950–1980,0.57,0.24,0.89,1
S12,v2x_freexp_altinf,İfade özgürlüğü ve alternatif bilgi kaynakları,1980–2002,0.52,0.69,0.95,1
S12,v2x_freexp_altinf,İfade özgürlüğü ve alternatif bilgi kaynakları,2002–2025,0.43,0.88,0.94,1
S12,v2mecenefm,Medyada hükümet sansürü çabası (yüksek = az sansür),1923–1950,-1.16,-1.45,0.37,1
S12,v2mecenefm,Medyada hükümet sansürü çabası (yüksek = az sansür),1950–1980,0.45,-1.22,1.48,1
S12,v2mecenefm,Medyada hükümet sansürü çabası (yüksek = az sansür),1980–2002,0.23,0.93,2.37,1
S12,v2mecenefm,Medyada hükümet sansürü çabası (yüksek = az sansür),2002–2025,-0.50,1.67,2.49,1
S24,v2cacamps,Siyasi kutuplaşma,1923–1950,-0.41,1.45,0.02,0
S24,v2cacamps,Siyasi kutuplaşma,1950–1980,0.79,0.75,-0.91,1
S24,v2cacamps,Siyasi kutuplaşma,1980–2002,0.08,-0.33,-1.15,1
S24,v2cacamps,Siyasi kutuplaşma,2002–2025,2.31,0.39,-1.15,1
S25,v2xpe_exlsocgr,Sosyal gruba göre dışlanma,1923–1950,0.82,0.63,0.35,1
S25,v2xpe_exlsocgr,Sosyal gruba göre dışlanma,1950–1980,0.67,0.50,0.17,1
S25,v2xpe_exlsocgr,Sosyal gruba göre dışlanma,1980–2002,0.59,0.14,0.09,1
S25,v2xpe_exlsocgr,Sosyal gruba göre dışlanma,2002–2025,0.57,0.07,0.06,1
S26,v2dlcountr,Karşı argümana saygı,1923–1950,-1.77,-1.34,0.26,1
S26,v2dlcountr,Karşı argümana saygı,1950–1980,-0.27,-1.39,0.97,1
S26,v2dlcountr,Karşı argümana saygı,1980–2002,0.00,0.85,1.48,1
S26,v2dlcountr,Karşı argümana saygı,2002–2025,-0.32,1.21,1.44,1
