sorun_id,gosterge_id,yil,tur,ortanca,n_set,z,A_phi,A_yuzdelik,not,A_ulke,A_plan,olcut
S01,G001,2022.0000,461.6667,477.5000,8,0.3814,0.3351,0.3280,,0.6485,0.2007,plan+ülke
S02,G004,2024.0000,22.9460,10.2200,7,4.0000,0.9722,0.9722,,1.0000,0.9603,plan+ülke
S04,G007,2025.0000,37.1450,52.2340,8,3.3561,0.3906,0.3907,,0.9996,0.1296,plan+ülke
S05,,,,,0,,1.0000,1.0000,bilmiyoruz: yön normatif değil → açık hesaplanmaz (bilmiyoruz),,1.0000,plan
S06,G013,2025.0000,0.1570,0.8830,8,4.0000,1.0000,1.0000,,1.0000,,yalnız ülke (ikincil)
S07,G015,2025.0000,0.0289,0.9893,8,2.9079,0.9982,0.8750,,0.9982,,yalnız ülke (ikincil)
S08,,,,,0,,,,bilmiyoruz: Türkiye verisi yok,,,yok
S09,G018,2025.0000,-1.6930,1.2660,8,2.5152,0.9941,1.0000,,0.9941,,yalnız ülke (ikincil)
S10,G021,2025.0000,23.9070,16.3328,8,0.7899,0.5000,0.5269,ana gösterge (G020) yok/uygun değil → yedek,0.7852,0.3778,plan+ülke
S12,G024,2025.0000,0.1790,0.8710,8,4.0000,1.0000,1.0000,,1.0000,,yalnız ülke (ikincil)
S13,G026,2025.0000,13844.8959,17455.7862,8,0.3067,0.4915,0.5303,,0.6205,0.4362,plan+ülke
S14,G060,2022.0000,40.2707,54.0069,8,0.9150,0.4960,0.5125,,0.8199,0.3571,plan+ülke
S15,G032,2023.0000,1.4222,1.5248,8,0.2820,0.6403,0.6819,,0.6110,0.6528,plan+ülke
S16,,,,,0,,,,bilmiyoruz: Türkiye verisi yok,,,yok
S17,G037,2025.0000,25.9347,0.4744,7,4.0000,0.3884,0.3884,,1.0000,0.1263,plan+ülke
S18,G038,2023.0000,71.9929,63.6526,8,0.3144,0.8870,0.8500,,0.6234,1.0000,plan+ülke
S19,G039,2022.0000,47.8865,26.4055,8,0.8418,0.6218,0.6443,,0.8000,0.5455,plan+ülke
S20,,,,,0,,0.9613,0.9613,bilmiyoruz: Türkiye verisi yok,,0.9613,plan
S21,G042,2025.0000,34.8812,2.5910,8,4.0000,1.0000,1.0000,,1.0000,1.0000,plan+ülke
S22,G045,2024.0000,-0.7660,1.3956,8,1.0129,0.6033,0.5750,,0.8444,0.5000,plan+ülke
S11,G023,2022.0000,13.9959,19.5735,7,0.4141,0.6606,0.7143,,0.6606,,yalnız ülke (ikincil)
S24,G061,2025.0000,3.3620,0.6730,8,1.3091,0.9047,1.0000,,0.9047,,yalnız ülke (ikincil)
S25,G062,2023.0000,0.7130,0.0995,8,4.0000,1.0000,1.0000,,1.0000,,yalnız ülke (ikincil)
S26,G063,2025.0000,-0.9690,0.9395,8,3.2384,0.9994,1.0000,,0.9994,,yalnız ülke (ikincil)
