kaynak,hedef,puan,ilk5_degisti,cikan,giren,kaynak_sira_once,kaynak_sira_sonra,tau
S01,S02,3,False,,,7,8,0.9928
S01,S15,3,False,,,7,8,0.9855
S01,S26,3,False,,,7,9,0.9855
S06,S10,3,False,,,1,1,1.0000
S06,S11,3,False,,,1,2,0.9783
S07,S21,3,True,S07,S25,5,7,0.9710
S09,S07,3,False,,,2,3,0.9855
S09,S17,3,False,,,2,3,0.9783
S09,S11,3,False,,,2,3,0.9855
S12,S09,3,False,,,3,4,0.9928
S12,S24,3,False,,,3,4,0.9928
S14,S22,3,False,,,18,21,0.9710
S15,S14,3,False,,,24,24,1.0000
S16,S17,3,False,,,21,22,0.9783
S18,S22,3,False,,,11,15,0.9638
S19,S13,3,False,,,16,17,0.9928
S20,S16,3,False,,,10,11,0.9710
S22,S21,3,False,,,23,24,0.9420
S24,S06,3,False,,,4,4,0.9783
S24,S07,3,False,,,4,4,1.0000
S25,S11,3,False,,,6,8,0.9783
