sorun_id,sira_ortanca,sira_p05,sira_p95,ilk5_olasilik,birinci_olasilik,neden_grubu_olasilik,ilk5_yalniz_matris,ilk5_yalniz_agirlik_yontem,sira
S06,1.0000,1.0000,3.0000,0.9977,0.6707,1.0000,1.0000,0.9992,1
S09,2.0000,1.0000,4.0000,0.9907,0.2178,1.0000,0.9996,0.9964,2
S12,3.0000,1.0000,4.0000,0.9827,0.0800,1.0000,0.9984,0.9964,3
S24,4.0000,2.0000,5.0000,0.9613,0.0313,0.9982,0.9984,0.9892,4
S07,6.0000,4.0000,9.0000,0.3742,0.0000,0.3912,0.5952,0.3216,5
S25,6.0000,5.0000,11.0000,0.2777,0.0000,0.9827,0.2784,0.3136,6
S01,7.0000,4.0000,13.0000,0.2120,0.0002,0.9999,0.0528,0.2600,7
S26,8.0000,5.0000,11.0000,0.0949,0.0000,0.6010,0.0660,0.0412,8
S08,9.0000,5.0000,18.0000,0.0996,0.0000,1.0000,0.0096,0.0816,9
S20,10.0000,7.0000,15.0000,0.0072,0.0000,0.3423,0.0012,0.0004,10
S18,11.0000,8.0000,15.0000,0.0005,0.0000,0.6837,0.0000,0.0000,11
S13,14.0000,9.0000,19.0000,0.0003,0.0000,0.9732,0.0000,0.0000,12
S11,14.0000,10.0000,19.0000,0.0001,0.0000,0.0022,0.0000,0.0000,13
S21,12.0000,8.0000,19.0000,0.0010,0.0000,0.0000,0.0000,0.0004,14
S05,13.0000,8.0000,18.0000,0.0001,0.0000,0.2448,0.0004,0.0000,15
S19,16.0000,12.0000,20.0000,0.0000,0.0000,0.4114,0.0000,0.0000,16
S02,16.0000,12.0000,21.0000,0.0000,0.0000,0.0464,0.0000,0.0000,17
S14,19.0000,15.0000,23.0000,0.0000,0.0000,0.0157,0.0000,0.0000,18
S04,21.0000,16.0000,24.0000,0.0000,0.0000,0.1163,0.0000,0.0000,19
S17,19.0000,15.0000,23.0000,0.0000,0.0000,0.0004,0.0000,0.0000,20
S16,21.0000,15.0000,24.0000,0.0000,0.0000,0.0010,0.0000,0.0000,21
S10,22.0000,17.0000,24.0000,0.0000,0.0000,0.0000,0.0000,0.0000,22
S22,21.0000,16.0000,24.0000,0.0000,0.0000,0.0000,0.0000,0.0000,23
S15,23.0000,20.0000,24.0000,0.0000,0.0000,0.0000,0.0000,0.0000,24
