etkileyen,S01,S02,S04,S05,S06,S07,S08,S09,S10,S12,S13,S14,S15,S16,S17,S18,S19,S20,S21,S22,S11,S24,S25,S26
S01,0,3,2,2,1,0,0,1,0,1,0,2,3,0,0,0,0,1,0,0,1,1,1,3
S02,0,0,1,0,0,0,0,0,1,0,0,2,0,0,0,0,0,0,0,0,0,0,0,0
S04,0,0,0,2,0,0,0,0,1,0,0,0,0,0,0,0,0,1,0,1,0,0,0,0
S05,0,1,0,0,0,0,0,0,0,0,0,0,0,0,0,0,0,0,0,2,0,0,0,0
S06,0,0,0,0,0,2,0,2,3,2,0,0,2,2,2,0,0,0,1,2,3,1,2,2
S07,2,0,0,0,0,0,0,0,0,0,2,1,2,2,2,1,2,2,3,2,0,0,0,0
S08,0,0,0,0,0,2,0,1,0,0,0,0,0,2,2,0,1,1,0,0,1,1,0,0
S09,1,0,0,0,2,3,0,0,2,1,1,0,1,2,3,0,1,1,2,0,3,0,1,0
S10,0,1,1,0,0,0,0,0,0,0,0,0,0,0,0,0,0,0,1,2,1,0,0,0
S12,0,0,0,0,2,2,0,3,0,0,0,0,0,0,0,0,0,0,1,0,2,3,2,2
S13,0,0,2,0,0,0,0,0,2,0,0,0,0,2,0,0,2,2,2,0,0,0,0,0
S14,0,1,0,0,0,0,0,0,0,0,0,0,2,0,0,1,0,0,1,3,0,0,0,0
S15,0,1,0,0,0,0,0,0,0,0,0,3,0,0,0,1,0,0,0,0,0,0,0,0
S16,0,0,0,0,0,0,0,0,0,0,0,0,0,0,3,0,1,1,1,0,1,0,0,0
S17,0,0,0,0,0,0,0,0,0,0,0,0,0,1,0,0,0,2,1,2,0,0,0,0
S18,0,0,0,0,0,0,0,0,0,0,0,1,0,0,0,0,0,0,2,3,0,0,0,0
S19,0,0,0,0,0,0,0,0,0,0,3,0,0,0,1,1,0,1,1,0,0,0,0,0
S20,2,0,1,0,0,0,0,0,2,0,0,0,0,3,0,0,0,0,0,0,1,2,1,0
S21,0,0,0,0,0,2,0,0,1,0,0,1,2,0,0,0,0,0,0,2,1,2,0,0
S22,0,0,0,0,0,1,0,0,0,0,0,1,1,0,0,0,0,0,3,0,0,0,0,0
S11,0,0,0,0,1,1,0,1,2,1,0,0,0,0,0,0,0,0,0,1,0,1,1,1
S24,0,0,0,0,3,3,1,2,0,2,0,0,0,0,0,0,0,0,2,0,2,0,2,2
S25,1,0,0,0,1,2,0,2,0,0,0,0,0,0,0,0,0,2,0,0,3,2,0,1
S26,2,0,0,0,0,1,0,0,0,2,0,0,0,0,0,0,0,0,0,0,1,2,1,0
