anahtar,kunye,doi_url
AJR01,"Acemoglu, D., Johnson, S. & Robinson, J.A. (2001). The Colonial Origins of Comparative Development: An Empirical Investigation. American Economic Review 91(5):1369–1401.",10.1257/aer.91.5.1369
RST04,"Rodrik, D., Subramanian, A. & Trebbi, F. (2004). Institutions Rule: The Primacy of Institutions over Geography and Integration in Economic Development. Journal of Economic Growth 9(2):131–165.",10.1023/B:JOEG.0000031425.72248.85
DJ03,"Djankov, S., La Porta, R., Lopez-de-Silanes, F. & Shleifer, A. (2003). Courts. Quarterly Journal of Economics 118(2):453–517.",10.1162/003355303321675437
HW12,"Hanushek, E.A. & Woessmann, L. (2012). Do better schools lead to more growth? Cognitive skills, economic outcomes, and causation. Journal of Economic Growth 17(4):267–321.",10.1007/s10887-012-9081-x
HSWZ17,"Hanushek, E.A., Schwerdt, G., Woessmann, L. & Zhang, L. (2017). General Education, Vocational Education, and Labor-Market Outcomes over the Lifecycle. Journal of Human Resources 52(1):48–87.",10.3368/jhr.52.1.0415-7074R
WB13,"World Bank (2013). Promoting Excellence in Turkey's Schools. Washington, DC.",hdl:10986/16049
CL90,"Cohen, W.M. & Levinthal, D.A. (1990). Absorptive Capacity: A New Perspective on Learning and Innovation. Administrative Science Quarterly 35(1):128–152.",10.2307/2393553
GRV04,"Griffith, R., Redding, S. & Van Reenen, J. (2004). Mapping the Two Faces of R&D: Productivity Growth in a Panel of OECD Industries. Review of Economics and Statistics 86(4):883–895.",10.1162/0034653043125194
KK97,"Knack, S. & Keefer, P. (1997). Does Social Capital Have an Economic Payoff? A Cross-Country Investigation. Quarterly Journal of Economics 112(4):1251–1288.",10.1162/003355300555475
LPS14,"La Porta, R. & Shleifer, A. (2014). Informality and Development. Journal of Economic Perspectives 28(3):109–126.",10.1257/jep.28.3.109
WB10,"World Bank (2010). Turkey Country Economic Memorandum – Informality: Causes, Consequences, Policies. Report No. 48523-TR.",
TS09,"Torgler, B. & Schneider, F. (2009). The impact of tax morale and institutional quality on the shadow economy. Journal of Economic Psychology 30(2):228–245.",10.1016/j.joep.2008.08.004
IL12,"İlkkaracan, İ. (2012). Why so Few Women in the Labor Market in Turkey? Feminist Economics 18(1):1–37.",10.1080/13545701.2011.649358
CT16,"Cuberes, D. & Teignier, M. (2016). Aggregate Effects of Gender Gaps in the Labor Market: A Quantitative Estimate. Journal of Human Capital 10(1):1–32.",10.1086/683847
BCFF09,"Bloom, D.E., Canning, D., Fink, G. & Finlay, J.E. (2009). Fertility, female labor force participation, and the demographic dividend. Journal of Economic Growth 14(2):79–101.",10.1007/s10887-009-9039-9
HIG98,"Higgins, M. (1998). Demography, National Savings, and International Capital Flows. International Economic Review 39(2):343–369.",10.2307/2527297
DR12,"Docquier, F. & Rapoport, H. (2012). Globalization, Brain Drain, and Development. Journal of Economic Literature 50(3):681–730.",10.1257/jel.50.3.681
GT14,"Güngör, N.D. & Tansel, A. (2014). Brain Drain from Turkey: Return Intentions of Skilled Migrants. International Migration 52(5):208–226.",10.1111/imig.12013
ER99,"Evans, P. & Rauch, J.E. (1999). Bureaucracy and Growth: A Cross-National Analysis of the Effects of 'Weberian' State Structures on Economic Growth. American Sociological Review 64(5):748–765.",10.2307/2657374
RE00,"Rauch, J.E. & Evans, P.B. (2000). Bureaucratic structure and bureaucratic performance in less developed countries. Journal of Public Economics 75(1):49–71.",10.1016/S0047-2727(99)00044-4
PWA13,"Pritchett, L., Woolcock, M. & Andrews, M. (2013). Looking Like a State: Techniques of Persistent Failure in State Capability for Implementation. Journal of Development Studies 49(1):1–18.",10.1080/00220388.2012.709614
BP09,"Besley, T. & Persson, T. (2009). The Origins of State Capacity: Property Rights, Taxation, and Politics. American Economic Review 99(4):1218–1244.",10.1257/aer.99.4.1218
ESC07,"Escaleras, M., Anbarci, N. & Register, C.A. (2007). Public sector corruption and major earthquakes: A potentially deadly interaction. Public Choice 132(1–2):209–230.",10.1007/s11127-007-9148-y
AB11,"Ambraseys, N. & Bilham, R. (2011). Corruption kills. Nature 469(7329):153–155.",10.1038/469153a
GUN15,"Güneş, O. (2015). Turkey's grand challenge: Disaster-proof building inventory within 20 years. Case Studies in Construction Materials 2:18–34.",10.1016/j.cscm.2014.12.003
SBB23,T.C. Cumhurbaşkanlığı Strateji ve Bütçe Başkanlığı (2023). 2023 Kahramanmaraş ve Hatay Depremleri Raporu. Mart 2023.,
GRADE23,"World Bank (2023). Global Rapid Post-Disaster Damage Estimation (GRADE) Report: February 6, 2023 Kahramanmaraş Earthquakes – Türkiye Report.",
OECD23EQ,"OECD (2023). The Territorial Impact of the Earthquakes in Türkiye. OECD Publishing, Paris.",10.1787/bb5c07e6-en
RS08,"Rothstein, B. & Stolle, D. (2008). The State and Social Capital: An Institutional Theory of Generalized Trust. Comparative Politics 40(4):441–459.",10.5129/001041508X12911362383354
BW03,"Brunetti, A. & Weder, B. (2003). A free press is bad news for corruption. Journal of Public Economics 87(7–8):1801–1824.",10.1016/S0047-2727(01)00186-4
BB02,"Besley, T. & Burgess, R. (2002). The Political Economy of Government Responsiveness: Theory and Evidence from India. Quarterly Journal of Economics 117(4):1415–1451.",10.1162/003355302320935061
OECD16AG,"OECD (2016). Innovation, Agricultural Productivity and Sustainability in Turkey. OECD Food and Agricultural Reviews, Paris.",10.1787/9789264261198-en
WBCCDR22,"World Bank (2022). Türkiye Country Climate and Development Report. Washington, DC.",hdl:10986/37521
HT70,"Harris, J.R. & Todaro, M.P. (1970). Migration, Unemployment and Development: A Two-Sector Analysis. American Economic Review 60(1):126–142.",
SAY10,"Saygılı, Ş., Cihan, C., Yalçın, C. & Hamsici, T. (2010). Türkiye İmalat Sanayiinin İthalat Yapısı. TCMB Çalışma Tebliği No. 10/02.",
HHR07,"Hausmann, R., Hwang, J. & Rodrik, D. (2007). What you export matters. Journal of Economic Growth 12(1):1–25.",10.1007/s10887-006-9009-4
EREN25,"Eren, O., Kalafatcılar, M.K., Ocakverdi, E. & Özel, O. (2025). Impacts of International Oil Prices on Consumer Prices and the Current Account Balance. TCMB Blog, 7 Ekim 2025.",https://tcmbblog.org
DK14,"Dedeoğlu, D. & Kaya, H. (2014). Pass-through of oil prices to domestic prices: Evidence from an oil-hungry but oil-poor emerging market. Economic Modelling 43:67–74.",10.1016/j.econmod.2014.07.038
FIS93,"Fischer, S. (1993). The role of macroeconomic factors in growth. Journal of Monetary Economics 32(3):485–512.",10.1016/0304-3932(93)90027-D
CWN92,"Cukierman, A., Webb, S.B. & Neyapti, B. (1992). Measuring the Independence of Central Banks and Its Effect on Policy Outcomes. World Bank Economic Review 6(3):353–398.",10.1093/wber/6.3.353
BBD16,"Baker, S.R., Bloom, N. & Davis, S.J. (2016). Measuring Economic Policy Uncertainty. Quarterly Journal of Economics 131(4):1593–1636.",10.1093/qje/qjw024
KR99,"Kaminsky, G.L. & Reinhart, C.M. (1999). The Twin Crises: The Causes of Banking and Balance-of-Payments Problems. American Economic Review 89(3):473–500.",10.1257/aer.89.3.473
WB11,World Bank (2011). Turkey – Country Economic Memorandum: Sustaining High Growth – The Role of Domestic Savings. Report No. 66301-TR.,
VR10,"Van Rijckeghem, C. (2010). Determinants of Private Saving in Turkey: An Update. Boğaziçi Üniversitesi İktisat Bölümü Çalışma Tebliği 2010/04.",
RPE10,"Rodríguez-Pose, A. & Ezcurra, R. (2010). Does decentralization matter for regional disparities? A cross-country analysis. Journal of Economic Geography 10(5):619–644.",10.1093/jeg/lbp049
AU15,"Acemoglu, D. & Üçer, M. (2015). The Ups and Downs of Turkish Growth, 2002–2015: Political Dynamics, the European Union and the Institutional Slide. NBER Working Paper No. 21608.",
GLA04,"Glaeser, E.L., La Porta, R., Lopez-de-Silanes, F. & Shleifer, A. (2004). Do Institutions Cause Growth? Journal of Economic Growth 9(3):271–303.",10.1023/B:JOEG.0000038933.16398.ed
WB19,World Bank (2019). Turkey Country Economic Memorandum: Firm Productivity and Economic Growth in Turkey.,hdl:10986/31931
MRS18,"McCoy, J., Rahman, T. & Somer, M. (2018). Polarization and the Global Crisis of Democracy: Common Patterns, Dynamics, and Pernicious Consequences for Democratic Polities. American Behavioral Scientist 62(1):16–42.",10.1177/0002764218759576
SOM19,"Somer, M. (2019). Turkey: The Slippery Slope from Reformist to Revolutionary Polarization and Democratic Breakdown. The ANNALS of the American Academy of Political and Social Science 681(1):42–61.",10.1177/0002716218818056
SVO19,"Svolik, M.W. (2019). Polarization versus Democracy. Journal of Democracy 30(3):20–32.",10.1353/jod.2019.0039
FRY02,"Frye, T. (2002). The Perils of Polarization: Economic Performance in the Postcommunist World. World Politics 54(3):308–337.",10.1353/wp.2002.0008
AZZ11,"Azzimonti, M. (2011). Barriers to Investment in Polarized Societies. American Economic Review 101(5):2182–2204.",10.1257/aer.101.5.2182
IYE19,"Iyengar, S., Lelkes, Y., Levendusky, M., Malhotra, N. & Westwood, S.J. (2019). The Origins and Consequences of Affective Polarization in the United States. Annual Review of Political Science 22:129–146.",10.1146/annurev-polisci-051117-073034
PRI13,"Prior, M. (2013). Media and Political Polarization. Annual Review of Political Science 16:101–127.",10.1146/annurev-polisci-100711-135242
CET92,"Cukierman, A., Edwards, S. & Tabellini, G. (1992). Seigniorage and Political Instability. American Economic Review 82(3):537–555.",
MY17,"Martin, G.J. & Yurukoglu, A. (2017). Bias in Cable News: Persuasion and Polarization. American Economic Review 107(9):2565–2599.",10.1257/aer.20160812
AGEG20,"Allcott, H., Braghieri, L., Eichmeyer, S. & Gentzkow, M. (2020). The Welfare Effects of Social Media. American Economic Review 110(3):629–676.",10.1257/aer.20190658
FST16,"Funke, M., Schularick, M. & Trebesch, C. (2016). Going to extremes: Politics after financial crises, 1870–2014. European Economic Review 88:227–260.",10.1016/j.euroecorev.2016.03.006
RP18,"Rodríguez-Pose, A. (2018). The revenge of the places that don't matter (and what to do about it). Cambridge Journal of Regions, Economy and Society 11(1):189–209.",10.1093/cjres/rsx024
FSDB21,"Fishkin, J., Siu, A., Diamond, L. & Bradburn, N. (2021). Is Deliberation an Antidote to Extreme Partisan Polarization? Reflections on 'America in One Room'. American Political Science Review 115(4):1464–1481.",10.1017/S0003055421000642
AL02,"Alesina, A. & La Ferrara, E. (2002). Who trusts others? Journal of Public Economics 85(2):207–234.",10.1016/S0047-2727(01)00084-6
AL05,"Alesina, A. & La Ferrara, E. (2005). Ethnic Diversity and Economic Performance. Journal of Economic Literature 43(3):762–800.",10.1257/002205105774431243
EL97,"Easterly, W. & Levine, R. (1997). Africa's Growth Tragedy: Policies and Ethnic Divisions. Quarterly Journal of Economics 112(4):1203–1250.",10.1162/003355300555466
ABE99,"Alesina, A., Baqir, R. & Easterly, W. (1999). Public Goods and Ethnic Divisions. Quarterly Journal of Economics 114(4):1243–1284.",10.1162/003355399556269
PR19,"Pennycook, G. & Rand, D.G. (2019). Lazy, not biased: Susceptibility to partisan fake news is better explained by lack of reasoning than by motivated reasoning. Cognition 188:39–50.",10.1016/j.cognition.2018.06.011
DEE04,"Dee, T.S. (2004). Are there civic returns to education? Journal of Public Economics 88(9–10):1697–1720.",10.1016/j.jpubeco.2003.11.002
MMO04,"Milligan, K., Moretti, E. & Oreopoulos, P. (2004). Does education improve citizenship? Evidence from the United States and the United Kingdom. Journal of Public Economics 88(9–10):1667–1695.",10.1016/j.jpubeco.2003.10.005
RT08,"Rothstein, B. & Teorell, J. (2008). What Is Quality of Government? A Theory of Impartial Government Institutions. Governance 21(2):165–190.",10.1111/j.1468-0491.2008.00391.x
