sorun_id,ad,D,R,D_arti_R,D_eksi_R,grup,kok_skoru,acik_skoru,acik_veri,etki_skoru,oncelik_skoru,sira,ism_katman,acik_olcut,acik_gosterge,acik_not,etki_gerekce
S06,Hukukun üstünlüğü ve yargının güvenilirliği ile hızı,1.8455,0.7281,2.5736,1.1174,neden,1.0000,1.0000,True,1.0000,1.0000,1,3,yalnız ülke (ikincil),G013,,Kurumsal çerçeve: tüm yurttaşlar ve firmalar
S09,Kurallı ve tarafsız kamu yönetimi,1.7175,0.8155,2.5330,0.9020,neden,0.9116,0.9941,True,1.0000,0.9534,2,3,yalnız ülke (ikincil),G018,,Tüm kamu hizmetleri
S12,Medya ve bilgi ekosistemi (aday),1.5341,0.6517,2.1858,0.8825,neden,0.8528,1.0000,True,1.0000,0.9235,3,3,yalnız ülke (ikincil),G024,,Tüm kamusal tartışma
S24,Siyasi kutuplaşma,1.6532,1.0698,2.7230,0.5833,neden,0.8179,0.9047,True,1.0000,0.8820,4,3,yalnız ülke (ikincil),G061,,Tüm seçmenler ve kamusal karar alma
S07,Plan-uygulama kopukluğu ve politika sürekliliği,1.3014,1.3767,2.6782,-0.0753,sonuç,0.5593,0.9982,True,1.0000,0.7475,5,3,yalnız ülke (ikincil),G015,,Tüm kamu politikaları
S25,"Din, dil ve etnik köken ekseninde ayrışma",1.2161,0.7853,2.0014,0.4308,neden,0.6529,1.0000,True,0.6667,0.7301,6,3,yalnız ülke (ikincil),G062,,Dışlanan gruplar ve toplumsal barış: geniş bir kesim
S01,Eğitimin niteliği,1.4322,0.6060,2.0382,0.8262,neden,0.8095,0.3351,True,1.0000,0.6845,7,4,plan+ülke,G001,,"Tüm öğrenciler, dolayısıyla gelecekteki tüm işgücü"
S26,"Okuma, düşünme ve tartışma kültürünün zayıflığı (aday)",0.8297,0.7653,1.5950,0.0643,neden,0.4527,0.9994,True,1.0000,0.6727,8,3,yalnız ülke (ikincil),G063,,Tüm kamusal tartışma ve karar alma
S08,Aşırı merkeziyetçilik ve yerel kapasite,0.7955,0.0796,0.8751,0.7159,neden,0.5954,0.5000,False,1.0000,0.6489,9,4,yok,,bilmiyoruz: Türkiye verisi yok,Tüm yerel hizmetler
S20,Bölgesel eşitsizlik,0.8622,0.9351,1.7973,-0.0730,sonuç,0.4301,0.9613,True,0.6667,0.5868,10,3,plan,,bilmiyoruz: Türkiye verisi yok,Geride kalan bölgelerde yaşayanlar
S18,Enerjide dışa bağımlılık,0.3513,0.2942,0.6455,0.0571,neden,0.3096,0.8870,True,1.0000,0.5400,11,4,plan+ülke,G038,,Makro: fiyatlar ve cari denge üzerinden tüm ekonomi
S13,Tarımda verimlilik ve parçalı arazi,0.6994,0.4232,1.1227,0.2762,neden,0.4639,0.4915,True,0.6667,0.5153,12,1,plan+ülke,G026,,"Tarım çalışanları, kırsal nüfus ve gıda fiyatları"
S11,Toplumsal güven,0.8143,1.3958,2.2101,-0.5814,sonuç,0.2966,0.6606,True,1.0000,0.4910,13,1,yalnız ülke (ikincil),G023,,Tüm toplumsal ve ekonomik ilişkiler
S21,Kronik enflasyon ve makroekonomik istikrarsızlık,0.7617,1.5401,2.3018,-0.7784,sonuç,0.2349,1.0000,True,1.0000,0.4846,14,3,plan+ülke,G042,,Tüm nüfus
S05,Demografik dönüşüm,0.1538,0.2343,0.3882,-0.0805,sonuç,0.2190,1.0000,True,1.0000,0.4679,15,1,plan,,bilmiyoruz: yön normatif değil → açık hesaplanmaz (bilmiyoruz),Yaş yapısı tüm nüfusu ve kamu maliyesini etkiler
S19,Su yönetimi ve kuraklık,0.4402,0.4784,0.9187,-0.0382,sonuç,0.3135,0.6218,True,0.6667,0.4493,16,2,plan+ülke,G039,,Tarım ve kuraklık riski taşıyan havzalar
S02,Beceri uyumsuzluğu ve mesleki eğitim,0.2098,0.4553,0.6651,-0.2455,sonuç,0.1968,0.9722,True,0.6667,0.3980,17,1,plan+ülke,G004,,"Gençler ve yeni mezunlar: geniş bir kesim, ama tüm nüfus değil"
S14,Sanayinin teknoloji düzeyi ve ithal ara malı bağımlılığı,0.4244,0.7975,1.2218,-0.3731,sonuç,0.2303,0.4960,True,0.6667,0.3639,18,3,plan+ülke,G060,,İmalat sanayi: büyük ama tek bir sektör
S04,Kadınların iş gücüne düşük katılımı,0.2656,0.4400,0.7056,-0.1744,sonuç,0.2299,0.3906,True,0.6667,0.3425,19,1,plan+ülke,G007,,Çalışma çağındaki kadınlar: nüfusun geniş bir kesimi
S17,Deprem ve afet riski yönetimi,0.3730,0.8894,1.2625,-0.5164,sonuç,0.1815,0.3884,True,1.0000,0.3363,20,1,plan+ülke,G037,,Büyük nüfus merkezleri yüksek deprem tehlikesi altında
S16,Plansız kentleşme,0.4230,0.9439,1.3669,-0.5209,sonuç,0.1952,0.5000,False,0.6667,0.3357,21,2,yok,,bilmiyoruz: Türkiye verisi yok,Kentli nüfusun ruhsatsız/plansız alanlarda yaşayan kesimi
S10,Kayıt dışılık,0.3401,0.9907,1.3308,-0.6507,sonuç,0.1402,0.5000,True,0.6667,0.2845,22,1,plan+ülke,G021,ana gösterge (G020) yok/uygun değil → yedek,Kayıt dışı çalışanlar ve vergi tabanı: geniş kesim
S22,Dış finansman bağımlılığı,0.3951,1.4088,1.8040,-1.0137,sonuç,0.0713,0.6033,True,1.0000,0.2354,23,3,plan+ülke,G045,,Makro: tüm ekonomi
S15,Ar-Ge'yi ürüne dönüştürme kapasitesi,0.2629,0.9972,1.2600,-0.7343,sonuç,0.0978,0.6403,True,0.3333,0.2125,24,3,plan+ülke,G032,,Doğrudan: Ar-Ge yapan firmalar ve araştırmacılar
